{"cameraMode":{"drawMode":0,"name":"Shaded","section":"Shading Mode"},"sceneLighting":true,"audioPlay":false,"sceneViewState":{"showFog":true,"showMaterialUpdate":false,"showSkybox":true,"showFlares":true,"showImageEffects":true,"showParticleSystems":true},"in2DMode":false,"pivot":{"x":0.63907790184021,"y":-0.2955789566040039,"z":0.6081609725952148},"rotation":{"x":0.2333167940378189,"y":0.08447372913360596,"z":-0.020349759608507158,"w":0.9685123562812805},"size":18.034704208374025,"orthographic":false}